index,Year,Calendar Date (YYYYMMDD),WeekNo,Year_Week,$Price,$ Sales Amount,# Sold Unit,# Inventory Unit
0,2015,20150102,1,2015_01,114.14285714285714,68.4286398572113,1,241
1,2015,20150103,1,2015_01,114.14285714285714,85.57151414294272,1,240
2,2015,20150106,2,2015_02,114.14285714285714,171.14302828588544,2,238
3,2015,20150107,2,2015_02,114.14285714285714,85.57151414294272,1,237
4,2015,20150109,2,2015_02,114.14285714285714,114.14297128582842,1,236
5,2015,20150113,3,2015_03,114.14285714285714,85.57151414294272,1,235
6,2015,20150114,3,2015_03,114.14285714285714,85.57151414294272,1,234
8,2015,20150118,4,2015_04,114.14285714285714,199.72162829305685,2,249
9,2015,20150119,4,2015_04,114.14285714285714,199.71448542877116,2,247
10,2015,20150124,4,2015_04,114.14285714285714,114.14297128582842,1,246
11,2015,20150127,5,2015_05,114.14285714285714,114.14297128582842,1,245
12,2015,20150130,5,2015_05,114.14285714285714,85.57151414294272,1,244
13,2015,20150131,5,2015_05,114.14285714285714,256.71454242882817,3,241
14,2015,20150203,6,2015_06,114.14285714285714,68.4286398572113,1,240
15,2015,20150206,6,2015_06,114.14285714285714,381.42895285752434,10,230
16,2015,20150207,6,2015_06,114.14285714285714,456.71474242902815,11,219
17,2015,20150208,7,2015_07,114.14285714285714,303.5717321431607,3,150
18,2015,20150209,7,2015_07,114.14285714285714,248.81453452882025,3,147
19,2015,20150210,7,2015_07,114.14285714285714,100.42867185724329,1,146
20,2015,20150211,7,2015_07,114.14285714285714,85.57151414294272,1,145
21,2015,20150212,7,2015_07,114.14285714285714,176.8573197144626,2,143
23,2015,20150214,7,2015_07,114.14285714285714,214.57164314307173,2,141
24,2015,20150215,8,2015_08,114.14285714285714,91.28580557151986,1,129
25,2015,20150216,8,2015_08,114.14285714285714,154.0572969144398,2,127
26,2015,20150217,8,2015_08,114.14285714285714,180.32875175732318,2,125
27,2015,20150221,8,2015_08,114.14285714285714,79.90007990007989,1,124
28,2015,20150223,9,2015_09,114.14285714285714,114.14297128582842,1,123
29,2015,20150226,9,2015_09,114.14285714285714,114.14297128582842,1,122
30,2015,20150227,9,2015_09,114.14285714285714,308.1860224717368,3,119
31,2015,20150301,10,2015_10,114.14285714285714,114.14297128582842,1,111
32,2015,20150302,10,2015_10,114.14285714285714,114.14297128582842,1,110
33,2015,20150307,10,2015_10,114.14285714285714,85.57151414294272,1,109
34,2015,20150308,11,2015_11,114.14285714285714,85.57151414294272,1,116
35,2015,20150311,11,2015_11,114.14285714285714,228.28594257165685,2,114
36,2015,20150313,11,2015_11,114.14285714285714,182.57161114303972,2,112
37,2015,20150314,11,2015_11,114.14285714285714,370.85751371465653,4,108
38,2015,20150317,12,2015_12,114.14285714285714,85.57151414294272,1,107
39,2015,20150321,12,2015_12,114.14285714285714,85.57151414294272,1,106
40,2015,20150322,13,2015_13,114.14285714285714,188.3001883001883,2,109
41,2015,20150323,13,2015_13,114.14285714285714,68.4286398572113,1,108
42,2015,20150324,13,2015_13,114.14285714285714,228.28594257165685,2,106
43,2015,20150327,13,2015_13,114.14285714285714,374.8460891318034,5,101
44,2015,20150328,13,2015_13,114.14285714285714,286.4288578574293,3,98
45,2015,20150329,14,2015_14,114.14285714285714,394.7146804289662,5,97
46,2015,20150330,14,2015_14,114.14285714285714,91.28580557151986,1,96
47,2015,20150401,14,2015_14,114.14285714285714,199.71448542877116,2,94
48,2015,20150402,14,2015_14,114.14285714285714,68.4286398572113,1,93
49,2015,20150403,14,2015_14,114.14285714285714,273.8574167145596,3,90
50,2015,20150404,14,2015_14,114.14285714285714,114.14297128582842,1,89
51,2015,20150405,15,2015_15,114.14285714285714,372.000372000372,4,85
52,2015,20150406,15,2015_15,114.14285714285714,171.14302828588544,2,83
53,2015,20150407,15,2015_15,114.14285714285714,68.4286398572113,1,82
54,2015,20150408,15,2015_15,114.14285714285714,91.28580557151986,1,81
55,2015,20150409,15,2015_15,114.14285714285714,108.43582272153701,1,80
56,2015,20150411,15,2015_15,114.14285714285714,114.14297128582842,1,79
57,2015,20150412,16,2015_16,114.14285714285714,85.57151414294272,1,83
58,2015,20150414,16,2015_16,114.14285714285714,228.28594257165685,2,81
59,2015,20150416,16,2015_16,114.14285714285714,228.28594257165685,2,79
60,2015,20150417,16,2015_16,114.14285714285714,228.28594257165685,2,77
61,2015,20150419,17,2015_17,114.14285714285714,114.14297128582842,1,88
62,2015,20150420,17,2015_17,114.14285714285714,85.57151414294272,1,87
63,2015,20150423,17,2015_17,114.14285714285714,456.5718851433137,4,83
64,2015,20150424,17,2015_17,114.14285714285714,182.68589697161127,3,80
65,2015,20150425,17,2015_17,114.14285714285714,799.000799000799,7,73
66,2015,20150426,18,2015_18,114.14285714285714,542.1433992862565,5,103
67,2015,20150427,18,2015_18,114.14285714285714,627.7149134291991,6,97
68,2015,20150428,18,2015_18,114.14285714285714,342.4289138574853,3,94
69,2015,20150429,18,2015_18,114.14285714285714,399.5003995003995,4,90
70,2015,20150430,18,2015_18,114.14285714285714,274.00027400027403,3,87
71,2015,20150501,18,2015_18,114.14285714285714,662.0292334578048,6,81
72,2015,20150502,18,2015_18,114.14285714285714,542.1433992862565,5,76
73,2015,20150503,19,2015_19,114.14285714285714,285.28599957171383,3,70
74,2015,20150504,19,2015_19,114.14285714285714,228.28594257165685,2,68
75,2015,20150505,19,2015_19,114.14285714285714,353.8574967146396,4,64
76,2015,20150507,19,2015_19,114.14285714285714,114.14297128582842,1,63
77,2015,20150508,19,2015_19,114.14285714285714,114.14297128582842,1,62
78,2015,20150509,19,2015_19,114.14285714285714,199.71448542877116,2,60
79,2015,20150510,20,2015_20,114.14285714285714,114.14297128582842,1,56
81,2015,20150513,20,2015_20,114.14285714285714,40.00004000004,1,55
82,2015,20150516,20,2015_20,114.14285714285714,114.14297128582842,1,54
83,2015,20150517,21,2015_21,114.14285714285714,85.57151414294272,1,44
84,2015,20150519,21,2015_21,114.14285714285714,91.31437702866275,1,43
85,2015,20150520,21,2015_21,114.14285714285714,114.14297128582842,1,42
86,2015,20150521,21,2015_21,114.14285714285714,114.14297128582842,1,41
87,2015,20150522,21,2015_21,114.14285714285714,68.4286398572113,1,40
88,2015,20150523,21,2015_21,114.14285714285714,456.5718851433137,4,36
89,2015,20150524,22,2015_22,114.14285714285714,228.28594257165685,2,95
90,2015,20150525,22,2015_22,114.14285714285714,296.71458242886814,3,92
91,2015,20150526,22,2015_22,114.14285714285714,85.57151414294272,1,91
92,2015,20150527,22,2015_22,114.14285714285714,-68.4286398572113,-1,92
93,2015,20150528,22,2015_22,114.14285714285714,342.4289138574853,3,89
94,2015,20150529,22,2015_22,114.14285714285714,114.14297128582842,1,88
95,2015,20150531,23,2015_23,114.14285714285714,741.8578847150276,7,81
96,2015,20150601,23,2015_23,114.14285714285714,410.85755371469656,4,77
97,2015,20150602,23,2015_23,114.14285714285714,171.28588557159986,2,75
98,2015,20150603,23,2015_23,114.14285714285714,114.14297128582842,1,74
99,2015,20150604,23,2015_23,114.14285714285714,114.14297128582842,1,73
100,2015,20150605,23,2015_23,114.14285714285714,542.1433992862565,5,68
101,2015,20150606,23,2015_23,114.14285714285714,570.7148564291421,5,63
102,2015,20150607,24,2015_24,114.14285714285714,342.4289138574853,3,79
103,2015,20150608,24,2015_24,114.14285714285714,171.28588557159986,2,77
104,2015,20150609,24,2015_24,114.14285714285714,114.14297128582842,1,76
105,2015,20150610,24,2015_24,114.14285714285714,342.4289138574853,3,73
106,2015,20150611,24,2015_24,114.14285714285714,382.28609657181084,4,69
107,2015,20150612,24,2015_24,114.14285714285714,114.14297128582842,1,68
108,2015,20150613,24,2015_24,114.14285714285714,405.28611957183386,4,64
109,2015,20150614,25,2015_25,114.14285714285714,114.14297128582842,1,62
110,2015,20150615,25,2015_25,114.14285714285714,114.14297128582842,1,61
111,2015,20150618,25,2015_25,114.14285714285714,502.2290736576451,5,56
113,2015,20150620,25,2015_25,114.14285714285714,205.57163414306274,3,53
114,2015,20150622,26,2015_26,114.14285714285714,114.14297128582842,1,52
115,2015,20150623,26,2015_26,114.14285714285714,245.42881685738828,3,49
116,2015,20150624,26,2015_26,114.14285714285714,199.71448542877116,2,47
117,2015,20150625,26,2015_26,114.14285714285714,85.57151414294272,1,46
118,2015,20150627,26,2015_26,114.14285714285714,171.14302828588544,2,44
119,2015,20150628,27,2015_27,114.14285714285714,114.14297128582842,1,44
120,2015,20150629,27,2015_27,114.14285714285714,45.71433142861714,1,43
121,2015,20150702,27,2015_27,114.14285714285714,159.85730271444558,2,41
122,2015,20150704,27,2015_27,114.14285714285714,114.14297128582842,2,39
123,2015,20150706,28,2015_28,114.14285714285714,91.42866285723429,2,37
124,2015,20150707,28,2015_28,114.14285714285714,91.42866285723429,2,35
125,2015,20150709,28,2015_28,114.14285714285714,114.14297128582842,1,34
126,2015,20150710,28,2015_28,114.14285714285714,159.85730271444558,3,31
128,2015,20150712,29,2015_29,114.14285714285714,45.71433142861714,1,30
129,2015,20150713,29,2015_29,114.14285714285714,114.14297128582842,1,29
130,2015,20150717,29,2015_29,114.14285714285714,68.4286398572113,1,28
131,2015,20150721,30,2015_30,114.14285714285714,114.14297128582842,1,27
132,2015,20150728,31,2015_31,114.14285714285714,114.14297128582842,1,26
133,2015,20150805,32,2015_32,114.14285714285714,114.14297128582842,1,25
134,2015,20150811,33,2015_33,114.14285714285714,-114.14297128582842,-1,26
135,2015,20150820,34,2015_34,114.14285714285714,1716.7102881388596,32,-6
136,2015,20150828,35,2015_35,114.14285714285714,1651.6487945059373,15,-21
137,2015,20150829,35,2015_35,114.14285714285714,799.000799000799,7,-28
138,2015,20150830,36,2015_36,114.14285714285714,1997.5019975019975,19,270
139,2015,20150831,36,2015_36,114.14285714285714,885.7151714294571,8,262
140,2015,20150901,36,2015_36,114.14285714285714,2043.1449002877575,18,244
141,2015,20150902,36,2015_36,114.14285714285714,2357.0023570023573,21,223
142,2015,20150903,36,2015_36,114.14285714285714,2498.4310698596414,23,200
143,2015,20150904,36,2015_36,114.14285714285714,3053.145910288768,28,172
144,2015,20150905,36,2015_36,114.14285714285714,3082.881654310226,28,144
145,2015,20150906,37,2015_37,114.14285714285714,2928.288642574357,26,809
146,2015,20150907,37,2015_37,114.14285714285714,2054.5734831449117,18,791
147,2015,20150908,37,2015_37,114.14285714285714,4357.932929361501,40,751
148,2015,20150909,37,2015_37,114.14285714285714,2602.4311738597453,23,728
149,2015,20150910,37,2015_37,114.14285714285714,1695.001695001695,15,713
150,2015,20150911,37,2015_37,114.14285714285714,3253.07468164611,29,684
151,2015,20150912,37,2015_37,114.14285714285714,6928.3640712212145,63,621
152,2015,20150913,38,2015_38,114.14285714285714,8365.436936865508,75,1690
153,2015,20150914,38,2015_38,114.14285714285714,4794.004794004794,43,1647
154,2015,20150915,38,2015_38,114.14285714285714,4879.433450862022,45,1602
155,2015,20150916,38,2015_38,114.14285714285714,3983.575412146841,37,1565
156,2015,20150917,38,2015_38,114.14285714285714,2956.4315278600993,26,1539
157,2015,20150918,38,2015_38,114.14285714285714,4976.633548062119,47,1492
158,2015,20150919,38,2015_38,114.14285714285714,8824.594538880254,80,1412
159,2015,20150920,39,2015_39,114.14285714285714,7200.150057292914,65,1528
160,2015,20150921,39,2015_39,114.14285714285714,3253.1461102889675,29,1499
161,2015,20150922,39,2015_39,114.14285714285714,2619.5811910097623,23,1476
162,2015,20150923,39,2015_39,114.14285714285714,3184.574613146042,28,1448
163,2015,20150924,39,2015_39,114.14285714285714,2950.7172364315225,27,1421
164,2015,20150925,39,2015_39,114.14285714285714,3666.7179524322382,35,1386
165,2015,20150926,39,2015_39,114.14285714285714,6665.692379978094,62,1324
166,2015,20150927,40,2015_40,114.14285714285714,7077.57136328565,65,1475
167,2015,20150928,40,2015_40,114.14285714285714,2803.2885175742317,25,1450
168,2015,20150929,40,2015_40,114.14285714285714,4961.290675576391,48,1402
169,2015,20150930,40,2015_40,114.14285714285714,3444.7320161605876,31,1371
170,2015,20151001,40,2015_40,114.14285714285714,9849.495563781276,96,1275
171,2015,20151002,40,2015_40,114.14285714285714,7072.78850135993,68,1207
172,2015,20151003,40,2015_40,114.14285714285714,5212.05092633664,48,1159
173,2015,20151004,41,2015_41,114.14285714285714,6371.434942863514,59,1173
174,2015,20151005,41,2015_41,114.14285714285714,5007.897865040722,47,1126
175,2015,20151006,41,2015_41,114.14285714285714,5026.1621690193115,46,1080
176,2015,20151007,41,2015_41,114.14285714285714,3367.003367003367,31,1049
177,2015,20151008,41,2015_41,114.14285714285714,1558.4044155472727,14,1035
178,2015,20151009,41,2015_41,114.14285714285714,887.0780299351727,8,1027
179,2015,20151010,41,2015_41,114.14285714285714,1462.081462081462,13,1014
180,2015,20151011,42,2015_42,114.14285714285714,1803.833232404661,16,1582
181,2015,20151012,42,2015_42,114.14285714285714,536.831965403394,5,1577
182,2015,20151013,42,2015_42,114.14285714285714,639.1434962863534,6,1571
183,2015,20151014,42,2015_42,114.14285714285714,1215.7226442940728,11,1560
184,2015,20151015,42,2015_42,114.14285714285714,998.7152844295701,9,1551
185,2015,20151016,42,2015_42,114.14285714285714,1646.7159324302183,17,1534
186,2015,20151017,42,2015_42,114.14285714285714,3124.888124888125,29,1505
187,2015,20151018,43,2015_43,114.14285714285714,2111.0049681478254,19,1261
188,2015,20151019,43,2015_43,114.14285714285714,770.5721991436277,7,1254
189,2015,20151020,43,2015_43,114.14285714285714,4194.861337718481,38,1216
190,2015,20151021,43,2015_43,114.14285714285714,9560.248845963131,85,1131
191,2015,20151022,43,2015_43,114.14285714285714,1238.772667344096,12,1119
192,2015,20151023,43,2015_43,114.14285714285714,5834.2229770801205,54,1065
193,2015,20151024,43,2015_43,114.14285714285714,6123.148980291838,56,1009
194,2015,20151025,44,2015_44,114.14285714285714,6345.577774149203,58,2309
195,2015,20151026,44,2015_44,114.14285714285714,1136.1182789754218,10,2299
196,2015,20151027,44,2015_44,114.14285714285714,539.8576827148256,5,2294
197,2015,20151028,44,2015_44,114.14285714285714,907.4294788580503,8,2286
198,2015,20151029,44,2015_44,114.14285714285714,799.000799000799,7,2279
199,2015,20151030,44,2015_44,114.14285714285714,1442.6494426494426,13,2266
200,2015,20151031,44,2015_44,114.14285714285714,2601.196886911173,24,2242
201,2015,20151101,45,2015_45,114.14285714285714,1931.41764570336,19,1883
202,2015,20151102,45,2015_45,114.14285714285714,799.000799000799,7,1876
203,2015,20151103,45,2015_45,114.14285714285714,666.3920949635235,6,1870
204,2015,20151104,45,2015_45,114.14285714285714,570.7148564291421,5,1865
205,2015,20151105,45,2015_45,114.14285714285714,342.4289138574853,3,1862
206,2015,20151106,45,2015_45,114.14285714285714,216.8573597145026,2,1860
207,2015,20151107,45,2015_45,114.14285714285714,1287.8327164041448,12,1848
208,2015,20151108,46,2015_46,114.14285714285714,1681.7159674302532,20,1690
209,2015,20151109,46,2015_46,114.14285714285714,199.71448542877116,2,1688
210,2015,20151110,46,2015_46,114.14285714285714,314.2603142603143,3,1685
211,2015,20151111,46,2015_46,114.14285714285714,1648.070219498791,15,1670
212,2015,20151112,46,2015_46,114.14285714285714,793.6893651179366,7,1663
213,2015,20151113,46,2015_46,114.14285714285714,1892.6018926018928,17,1646
214,2015,20151114,46,2015_46,114.14285714285714,4189.4070465499035,38,1608
215,2015,20151115,47,2015_47,114.14285714285714,1085.4296568582283,10,1473
216,2015,20151116,47,2015_47,114.14285714285714,114.14297128582842,1,1472
217,2015,20151117,47,2015_47,114.14285714285714,411.1432682861255,4,1468
218,2015,20151118,47,2015_47,114.14285714285714,673.8321024035309,6,1462
219,2015,20151119,47,2015_47,114.14285714285714,342.4289138574853,3,1459
220,2015,20151120,47,2015_47,114.14285714285714,222.9745086887944,2,1457
221,2015,20151121,47,2015_47,114.14285714285714,1710.4045675474247,16,1441
222,2015,20151122,48,2015_48,114.14285714285714,735.0435921864494,7,1164
223,2015,20151123,48,2015_48,114.14285714285714,764.7150504293361,7,1157
224,2015,20151124,48,2015_48,114.14285714285714,228.28594257165685,2,1155
225,2015,20151125,48,2015_48,114.14285714285714,536.5719651433938,5,1150
226,2015,20151126,48,2015_48,114.14285714285714,171.14302828588544,2,1148
227,2015,20151127,48,2015_48,114.14285714285714,372.14322928608647,4,1144
228,2015,20151128,48,2015_48,114.14285714285714,959.2866735723879,10,1134
229,2015,20151129,49,2015_49,114.14285714285714,214.58592887164315,2,1030
230,2015,20151130,49,2015_49,114.14285714285714,1010.286724572439,9,1021
231,2015,20151201,49,2015_49,114.14285714285714,114.14297128582842,1,1020
232,2015,20151202,49,2015_49,114.14285714285714,456.5718851433137,4,1016
233,2015,20151203,49,2015_49,114.14285714285714,419.4289908575623,4,1012
234,2015,20151204,49,2015_49,114.14285714285714,442.85758571472854,4,1008
235,2015,20151205,49,2015_49,114.14285714285714,365.14322228607944,4,1004
236,2015,20151206,50,2015_50,114.14285714285714,971.6895431181146,9,983
237,2015,20151207,50,2015_50,114.14285714285714,-114.14297128582842,-1,984
238,2015,20151208,50,2015_50,114.14285714285714,205.42877685734828,2,982
239,2015,20151209,50,2015_50,114.14285714285714,137.00013700013702,5,977
240,2015,20151210,50,2015_50,114.14285714285714,205.45734831449118,2,975
241,2015,20151211,50,2015_50,114.14285714285714,921.8866361723504,11,964
242,2015,20151212,50,2015_50,114.14285714285714,1257.4041145469716,14,950
243,2015,20151213,51,2015_51,114.14285714285714,406.2861205718349,4,915
244,2015,20151214,51,2015_51,114.14285714285714,331.8060460917604,3,912
245,2015,20151215,51,2015_51,114.14285714285714,296.74315388601104,6,906
246,2015,20151216,51,2015_51,114.14285714285714,91.28580557151986,1,905
247,2015,20151217,51,2015_51,114.14285714285714,216.8573597145026,2,903
248,2015,20151218,51,2015_51,114.14285714285714,194.000194000194,2,901
249,2015,20151219,51,2015_51,114.14285714285714,1078.4296498582212,11,890
250,2015,20151220,52,2015_52,114.14285714285714,1281.3012813012813,15,878
251,2015,20151221,52,2015_52,114.14285714285714,296.71458242886814,3,875
252,2015,20151222,52,2015_52,114.14285714285714,342.4289138574853,3,872
253,2015,20151223,52,2015_52,114.14285714285714,228.28594257165685,2,870
254,2015,20151224,52,2015_52,114.14285714285714,2648.074076645505,28,842
255,2015,20151225,52,2015_52,114.14285714285714,511.28622557193984,5,837
256,2015,20151226,52,2015_52,114.14285714285714,817.1436742865314,8,829
257,2015,20151227,53,2015_53,114.14285714285714,1141.4297128582841,11,810
258,2015,20151228,53,2015_53,114.14285714285714,228.28594257165685,2,808
259,2015,20151229,53,2015_53,114.14285714285714,785.286499572214,7,801
260,2015,20151230,53,2015_53,114.14285714285714,469.000469000469,5,796
261,2015,20151231,53,2015_53,114.14285714285714,182.57161114303972,2,794
262,2016,20160101,1,2016_01,114.14285714285714,1780.1446372874946,19,775
263,2016,20160102,1,2016_01,114.14285714285714,1300.8584437155866,14,761
264,2016,20160103,2,2016_02,114.14285714285714,389.1432462861035,4,746
265,2016,20160104,2,2016_02,114.14285714285714,214.57164314307173,2,744
266,2016,20160105,2,2016_02,114.14285714285714,279.57170814313673,3,741
267,2016,20160106,2,2016_02,114.14285714285714,456.5718851433137,4,737
269,2016,20160108,2,2016_02,114.14285714285714,534.1433912862484,5,732
270,2016,20160109,2,2016_02,114.14285714285714,683.2149689292546,7,725
271,2016,20160110,3,2016_03,114.14285714285714,1455.2871695728838,13,736
272,2016,20160111,3,2016_03,114.14285714285714,176.8573197144626,2,734
273,2016,20160112,3,2016_03,114.14285714285714,302.4288738574453,3,731
274,2016,20160114,3,2016_03,114.14285714285714,456.5718851433137,4,727
275,2016,20160115,3,2016_03,114.14285714285714,479.28619357190786,5,722
276,2016,20160116,3,2016_03,114.14285714285714,2181.573610145039,26,696
277,2016,20160117,4,2016_04,114.14285714285714,1793.2160789303648,17,829
278,2016,20160118,4,2016_04,114.14285714285714,913.1723417437704,8,821
279,2016,20160119,4,2016_04,114.14285714285714,547.8576907148337,5,816
280,2016,20160120,4,2016_04,114.14285714285714,1403.8585467156897,13,803
281,2016,20160121,4,2016_04,114.14285714285714,1991.7162774305632,18,785
282,2016,20160122,4,2016_04,114.14285714285714,1569.287283572998,15,770
283,2016,20160123,4,2016_04,114.14285714285714,2740.288454574169,31,739
284,2016,20160124,5,2016_05,114.14285714285714,2962.0029620029622,26,1229
285,2016,20160125,5,2016_05,114.14285714285714,1881.001881001881,17,1212
286,2016,20160126,5,2016_05,114.14285714285714,1426.8585697157127,12,1200
287,2016,20160127,5,2016_05,114.14285714285714,2337.445194588052,22,1178
288,2016,20160128,5,2016_05,114.14285714285714,1675.5731041445329,15,1163
289,2016,20160129,5,2016_05,114.14285714285714,2902.588616874331,39,1124
290,2016,20160130,5,2016_05,114.14285714285714,4434.633006061577,42,1082
291,2016,20160131,6,2016_06,114.14285714285714,4162.018447732733,41,1041
292,2016,20160201,6,2016_06,114.14285714285714,3376.3033763033764,30,1011
293,2016,20160202,6,2016_06,114.14285714285714,2321.5737501451786,21,990
294,2016,20160203,6,2016_06,114.14285714285714,4074.7183604326465,38,952
295,2016,20160204,6,2016_06,114.14285714285714,3497.289211574926,31,921
296,2016,20160205,6,2016_06,114.14285714285714,4516.447373590231,42,879
297,2016,20160206,6,2016_06,114.14285714285714,5153.86229671944,48,831
298,2016,20160207,7,2016_07,114.14285714285714,1752.001752001752,16,1507
299,2016,20160208,7,2016_07,114.14285714285714,1826.2875405732548,16,1491
300,2016,20160209,7,2016_07,114.14285714285714,2484.773913345342,23,1468
301,2016,20160210,7,2016_07,114.14285714285714,2054.5734831449117,18,1450
302,2016,20160211,7,2016_07,114.14285714285714,2434.573863145292,22,1428
303,2016,20160212,7,2016_07,114.14285714285714,2497.2882115739258,23,1405
304,2016,20160213,7,2016_07,114.14285714285714,2513.331084759656,23,1382
305,2016,20160214,8,2016_08,114.14285714285714,3665.0179507322364,34,1350
306,2016,20160215,8,2016_08,114.14285714285714,1812.4303838589553,17,1333
307,2016,20160216,8,2016_08,114.14285714285714,1680.287394573109,14,1319
308,2016,20160217,8,2016_08,114.14285714285714,1655.1445122873695,14,1305
309,2016,20160218,8,2016_08,114.14285714285714,1013.5724421438707,9,1296
310,2016,20160219,8,2016_08,114.14285714285714,1038.7153244296103,9,1287
311,2016,20160220,8,2016_08,114.14285714285714,1858.7014301300017,16,1271
312,2016,20160221,9,2016_09,114.14285714285714,1569.4301408587123,14,1303
313,2016,20160222,9,2016_09,114.14285714285714,954.4148115576687,10,1293
314,2016,20160223,9,2016_09,114.14285714285714,968.2676825533969,9,1284
315,2016,20160224,9,2016_09,114.14285714285714,1093.8435224149512,10,1274
316,2016,20160225,9,2016_09,114.14285714285714,637.2716372716372,6,1268
317,2016,20160226,9,2016_09,114.14285714285714,3797.846226417655,43,1225
318,2016,20160227,9,2016_09,114.14285714285714,4439.360153645868,47,1178
319,2016,20160228,10,2016_10,114.14285714285714,1753.816610959468,17,2116
320,2016,20160229,10,2016_10,114.14285714285714,1160.400303257446,11,2105
321,2016,20160301,10,2016_10,114.14285714285714,1575.1315751315751,14,2091
322,2016,20160302,10,2016_10,114.14285714285714,1438.1442952871525,13,2078
323,2016,20160303,10,2016_10,114.14285714285714,491.7147774290632,5,2073
324,2016,20160304,10,2016_10,114.14285714285714,1598.1673124530269,16,2057
325,2016,20160305,10,2016_10,114.14285714285714,1900.5019005019005,19,2038
326,2016,20160306,11,2016_11,114.14285714285714,2743.8413152698868,25,1912
327,2016,20160307,11,2016_11,114.14285714285714,1552.3244094672666,15,1897
328,2016,20160308,11,2016_11,114.14285714285714,1398.1442552871124,13,1884
329,2016,20160309,11,2016_11,114.14285714285714,2088.7163744306604,19,1865
330,2016,20160310,11,2016_11,114.14285714285714,2702.902702902703,24,1841
331,2016,20160311,11,2016_11,114.14285714285714,2851.2014226299943,26,1815
332,2016,20160312,11,2016_11,114.14285714285714,9377.823663537949,85,1730
333,2016,20160313,12,2016_12,114.14285714285714,11643.981643981644,107,6027
334,2016,20160314,12,2016_12,114.14285714285714,5984.4488415916985,54,5973
335,2016,20160315,12,2016_12,114.14285714285714,4856.679142393429,46,5927
336,2016,20160316,12,2016_12,114.14285714285714,6106.606106606107,56,5871
337,2016,20160317,12,2016_12,114.14285714285714,5096.1550961550965,48,5823
338,2016,20160318,12,2016_12,114.14285714285714,8380.351237494095,77,5746
339,2016,20160319,12,2016_12,114.14285714285714,16410.28069599498,149,5597
340,2016,20160320,13,2016_13,114.14285714285714,15425.201139486855,138,7502
341,2016,20160321,13,2016_13,114.14285714285714,4973.76211661926,45,7457
342,2016,20160322,13,2016_13,114.14285714285714,4460.614460614461,42,7415
343,2016,20160323,13,2016_13,114.14285714285714,6152.049009191866,66,7349
344,2016,20160324,13,2016_13,114.14285714285714,4917.147774290631,45,7304
345,2016,20160325,13,2016_13,114.14285714285714,5950.1630930202355,55,7249
346,2016,20160326,13,2016_13,114.14285714285714,15278.362421219563,148,7101
347,2016,20160327,14,2016_14,114.14285714285714,10897.22518293947,100,7412
348,2016,20160328,14,2016_14,114.14285714285714,3570.3521417807133,32,7380
349,2016,20160329,14,2016_14,114.14285714285714,4063.304063304063,38,7342
350,2016,20160330,14,2016_14,114.14285714285714,4388.647245790103,44,7298
351,2016,20160331,14,2016_14,114.14285714285714,6149.51614951615,56,7242
352,2016,20160401,14,2016_14,114.14285714285714,6586.730872445158,60,7182
353,2016,20160402,14,2016_14,114.14285714285714,13264.354692926121,123,7059
354,2016,20160403,15,2016_15,114.14285714285714,18086.390943533803,168,6653
355,2016,20160404,15,2016_15,114.14285714285714,13169.5588838446,122,6531
356,2016,20160405,15,2016_15,114.14285714285714,3673.875102446531,34,6497
357,2016,20160406,15,2016_15,114.14285714285714,2214.1450712879287,21,6476
358,2016,20160407,15,2016_15,114.14285714285714,2269.1651263079834,20,6456
359,2016,20160408,15,2016_15,114.14285714285714,4559.975988547417,42,6414
360,2016,20160409,15,2016_15,114.14285714285714,10678.62067862068,103,6311
361,2016,20160410,16,2016_16,114.14285714285714,10438.987581844724,97,6879
362,2016,20160411,16,2016_16,114.14285714285714,3297.547583261869,30,6849
363,2016,20160412,16,2016_16,114.14285714285714,3227.8889421746567,29,6820
364,2016,20160413,16,2016_16,114.14285714285714,4052.004052004052,38,6782
365,2016,20160414,16,2016_16,114.14285714285714,3410.589124874839,30,6752
366,2016,20160415,16,2016_16,114.14285714285714,4562.111704968848,42,6710
367,2016,20160416,16,2016_16,114.14285714285714,8547.669976241405,80,6630
368,2016,20160417,17,2016_17,114.14285714285714,10068.297211154353,95,6729
369,2016,20160418,17,2016_17,114.14285714285714,3664.932236360808,35,6694
370,2016,20160419,17,2016_17,114.14285714285714,4480.947338090195,43,6651
371,2016,20160420,17,2016_17,114.14285714285714,4769.647626790484,46,6605
372,2016,20160421,17,2016_17,114.14285714285714,5679.469965184251,54,6551
373,2016,20160422,17,2016_17,114.14285714285714,6267.167695739125,61,6490
374,2016,20160423,17,2016_17,114.14285714285714,9658.32394403823,90,6400
375,2016,20160424,18,2016_18,114.14285714285714,10061.110061110061,95,7443
376,2016,20160425,18,2016_18,114.14285714285714,4349.875778447207,40,7403
377,2016,20160426,18,2016_18,114.14285714285714,2546.5811180096894,24,7379
378,2016,20160427,18,2016_18,114.14285714285714,3028.1630281630282,28,7351
379,2016,20160428,18,2016_18,114.14285714285714,4124.96126781841,39,7312
380,2016,20160429,18,2016_18,114.14285714285714,4124.96126781841,298,7014
381,2016,20160430,18,2016_18,114.14285714285714,19550.94955094955,190,6824
382,2016,20160501,19,2016_19,114.14285714285714,22050.456336170624,213,8534
383,2016,20160502,19,2016_19,114.14285714285714,12333.630905059477,118,8416
384,2016,20160503,19,2016_19,114.14285714285714,6264.980550694836,60,8356
385,2016,20160504,19,2016_19,114.14285714285714,4269.18855490284,40,8316
386,2016,20160505,19,2016_19,114.14285714285714,2609.145466288324,24,8292
387,2016,20160506,19,2016_19,114.14285714285714,2831.9199747771177,26,8266
388,2016,20160507,19,2016_19,114.14285714285714,8503.46993204136,80,8186
389,2016,20160508,20,2016_20,114.14285714285714,8195.799624371053,78,8177
390,2016,20160509,20,2016_20,114.14285714285714,1629.7730583444868,16,8161
391,2016,20160510,20,2016_20,114.14285714285714,3935.511078368221,37,8124
392,2016,20160511,20,2016_20,114.14285714285714,4163.761306618449,39,8085
393,2016,20160512,20,2016_20,114.14285714285714,4686.468972183257,44,8041
394,2016,20160513,20,2016_20,114.14285714285714,4918.683490112062,48,7993
395,2016,20160514,20,2016_20,114.14285714285714,10749.179320607891,109,7884
396,2016,20160515,21,2016_21,114.14285714285714,8659.965802822944,85,8794
397,2016,20160516,21,2016_21,114.14285714285714,2417.2381315238463,24,8770
398,2016,20160517,21,2016_21,114.14285714285714,2104.6878189735335,19,8751
399,2016,20160518,21,2016_21,114.14285714285714,3389.8319612605324,32,8719
400,2016,20160519,21,2016_21,114.14285714285714,2586.3740149454434,24,8695
401,2016,20160520,21,2016_21,114.14285714285714,4060.6612035183466,41,8654
402,2016,20160521,21,2016_21,114.14285714285714,8676.422962137247,84,8570
403,2016,20160522,22,2016_22,114.14285714285714,11118.898261755407,110,8259
404,2016,20160523,22,2016_22,114.14285714285714,1763.3131918846207,17,8242
405,2016,20160524,22,2016_22,114.14285714285714,2353.3380676237816,23,8219
406,2016,20160525,22,2016_22,114.14285714285714,2891.0171767314623,27,8192
407,2016,20160526,22,2016_22,114.14285714285714,3602.380745237888,35,8157
408,2016,20160527,22,2016_22,114.14285714285714,5732.034303462875,59,8098
409,2016,20160528,22,2016_22,114.14285714285714,8512.514226799942,83,8015
410,2016,20160529,23,2016_23,114.14285714285714,8537.09710852568,82,7412
411,2016,20160530,23,2016_23,114.14285714285714,3040.588754874469,29,7383
412,2016,20160531,23,2016_23,114.14285714285714,5162.9408772265915,50,7333
413,2016,20160601,23,2016_23,114.14285714285714,4591.89030617602,42,7291
414,2016,20160602,23,2016_23,114.14285714285714,3673.610816467959,35,7256
415,2016,20160603,23,2016_23,114.14285714285714,2765.6599085170515,26,7230
416,2016,20160604,23,2016_23,114.14285714285714,7564.851850566137,72,7158
417,2016,20160605,24,2016_24,114.14285714285714,6889.106889106889,67,7210
418,2016,20160606,24,2016_24,114.14285714285714,3547.317833032119,35,7175
419,2016,20160607,24,2016_24,114.14285714285714,3629.6036296036295,35,7140
420,2016,20160608,24,2016_24,114.14285714285714,5589.425589425589,54,7086
421,2016,20160609,24,2016_24,114.14285714285714,15533.362676219818,147,6939
422,2016,20160610,24,2016_24,114.14285714285714,13306.07187750045,130,6809
423,2016,20160611,24,2016_24,114.14285714285714,13504.367790082077,132,6677
424,2016,20160612,25,2016_25,114.14285714285714,5843.51298637013,57,10051
425,2016,20160613,25,2016_25,114.14285714285714,6435.692149977865,60,9991
426,2016,20160614,25,2016_25,114.14285714285714,9010.380438951868,83,9908
427,2016,20160615,25,2016_25,114.14285714285714,11890.969033826175,111,9797
428,2016,20160616,25,2016_25,114.14285714285714,13660.556517699377,127,9670
429,2016,20160617,25,2016_25,114.14285714285714,19501.40521569093,180,9490
430,2016,20160618,25,2016_25,114.14285714285714,19501.40521569093,365,9125
431,2016,20160619,26,2016_26,114.14285714285714,19501.40521569093,333,16577
432,2016,20160620,26,2016_26,114.14285714285714,12973.470116327258,120,16457
433,2016,20160621,26,2016_26,114.14285714285714,14428.514428514429,135,16322
434,2016,20160622,26,2016_26,114.14285714285714,14395.120109405825,133,16189
435,2016,20160623,26,2016_26,114.14285714285714,14187.085615657046,131,16058
436,2016,20160624,26,2016_26,114.14285714285714,20718.646432932146,193,15865
437,2016,20160625,26,2016_26,114.14285714285714,20718.646432932146,334,15531
438,2016,20160626,27,2016_27,114.14285714285714,20718.646432932146,303,18439
439,2016,20160627,27,2016_27,114.14285714285714,17163.380020522876,157,18282
440,2016,20160628,27,2016_27,114.14285714285714,22187.09218709219,233,18049
441,2016,20160629,27,2016_27,114.14285714285714,17533.974676831822,165,17884
442,2016,20160630,27,2016_27,114.14285714285714,16767.84533927391,157,17727
443,2016,20160701,27,2016_27,114.14285714285714,15977.137405708834,150,17577
444,2016,20160702,27,2016_27,114.14285714285714,15977.137405708834,349,17228
445,2016,20160703,28,2016_28,114.14285714285714,15977.137405708834,332,17338
446,2016,20160704,28,2016_28,114.14285714285714,17815.512101226388,165,17173
447,2016,20160705,28,2016_28,114.14285714285714,15618.298475441332,145,17028
448,2016,20160706,28,2016_28,114.14285714285714,16716.05100176529,154,16874
449,2016,20160707,28,2016_28,114.14285714285714,18748.86874886875,175,16699
450,2016,20160708,28,2016_28,114.14285714285714,21491.072919644346,204,16495
451,2016,20160709,28,2016_28,114.14285714285714,21491.072919644346,292,16203
452,2016,20160710,29,2016_29,114.14285714285714,21491.072919644346,295,15993
453,2016,20160711,29,2016_29,114.14285714285714,20191.698763127337,185,15808
454,2016,20160712,29,2016_29,114.14285714285714,17090.10280438852,158,15650
455,2016,20160713,29,2016_29,114.14285714285714,24903.43061771633,296,15354
456,2016,20160714,29,2016_29,114.14285714285714,16990.759847902707,157,15197
457,2016,20160715,29,2016_29,114.14285714285714,20950.18666447238,200,14997
458,2016,20160716,29,2016_29,114.14285714285714,20950.18666447238,261,14736
459,2016,20160717,30,2016_30,114.14285714285714,20950.18666447238,279,17583
460,2016,20160718,30,2016_30,114.14285714285714,16937.13122284551,160,17423
461,2016,20160719,30,2016_30,114.14285714285714,14093.794093794095,130,17293
462,2016,20160720,30,2016_30,114.14285714285714,11664.005949720236,109,17184
463,2016,20160721,30,2016_30,114.14285714285714,14203.402774831347,134,17050
464,2016,20160722,30,2016_30,114.14285714285714,17030.36703036703,161,16889
465,2016,20160723,30,2016_30,114.14285714285714,17030.36703036703,261,16628
466,2016,20160724,31,2016_31,114.14285714285714,26093.314664743233,250,17981
467,2016,20160725,31,2016_31,114.14285714285714,12706.848421134137,118,17863
468,2016,20160726,31,2016_31,114.14285714285714,14650.94465094465,135,17728
469,2016,20160727,31,2016_31,114.14285714285714,11320.671320671321,106,17622
470,2016,20160728,31,2016_31,114.14285714285714,10762.93219150362,103,17519
471,2016,20160729,31,2016_31,114.14285714285714,12914.601486030057,125,17394
472,2016,20160730,31,2016_31,114.14285714285714,20410.087552944697,199,17195
473,2016,20160731,32,2016_32,114.14285714285714,22046.60776089348,214,16981
474,2016,20160801,32,2016_32,114.14285714285714,12208.38649410078,114,16867
475,2016,20160802,32,2016_32,114.14285714285714,10024.671453242883,93,16774
476,2016,20160803,32,2016_32,114.14285714285714,10697.610697610698,102,16672
477,2016,20160804,32,2016_32,114.14285714285714,10091.058662487234,96,16576
478,2016,20160805,32,2016_32,114.14285714285714,12007.92629364058,116,16460
479,2016,20160806,32,2016_32,114.14285714285714,21651.86879472594,207,16253
480,2016,20160807,33,2016_33,114.14285714285714,20966.176680462395,209,14795
481,2016,20160808,33,2016_33,114.14285714285714,17679.854822711968,180,14615
482,2016,20160809,33,2016_33,114.14285714285714,14769.92905564334,142,14473
483,2016,20160810,33,2016_33,114.14285714285714,11890.483319054749,114,14359
484,2016,20160811,33,2016_33,114.14285714285714,9615.788187216758,91,14268
485,2016,20160812,33,2016_33,114.14285714285714,13662.275090846519,132,14136
486,2016,20160813,33,2016_33,114.14285714285714,19197.319197319197,193,13943
487,2016,20160814,34,2016_34,114.14285714285714,15030.197887340746,146,13494
488,2016,20160815,34,2016_34,114.14285714285714,9691.988263416835,90,13404
489,2016,20160816,34,2016_34,114.14285714285714,10274.89313203599,100,13304
490,2016,20160817,34,2016_34,114.14285714285714,11650.943079514509,113,13191
491,2016,20160818,34,2016_34,114.14285714285714,9417.030845602274,94,13097
492,2016,20160819,34,2016_34,114.14285714285714,12481.449624306768,121,12976
493,2016,20160820,34,2016_34,114.14285714285714,17671.547671547676,176,12800
494,2016,20160821,35,2016_35,114.14285714285714,20967.403824546684,206,12326
495,2016,20160822,35,2016_35,114.14285714285714,11747.82603354032,113,12213
496,2016,20160823,35,2016_35,114.14285714285714,10530.390530390532,101,12112
497,2016,20160824,35,2016_35,114.14285714285714,8802.551659694518,84,12028
498,2016,20160825,35,2016_35,114.14285714285714,12774.587060301348,125,11903
499,2016,20160826,35,2016_35,114.14285714285714,13301.726158869018,132,11771
500,2016,20160827,35,2016_35,114.14285714285714,17790.59921917065,176,11595
501,2016,20160828,36,2016_36,114.14285714285714,19289.172146315002,191,11834
502,2016,20160829,36,2016_36,114.14285714285714,10925.252353823784,107,11727
503,2016,20160830,36,2016_36,114.14285714285714,9426.480855052285,91,11636
504,2016,20160831,36,2016_36,114.14285714285714,13213.741785170358,173,11463
505,2016,20160901,36,2016_36,114.14285714285714,6337.243480100624,60,11403
506,2016,20160902,36,2016_36,114.14285714285714,9213.264927550643,90,11313
507,2016,20160903,36,2016_36,114.14285714285714,15848.318705461563,154,11159
508,2016,20160904,37,2016_37,114.14285714285714,14368.631511488655,144,10359
509,2016,20160905,37,2016_37,114.14285714285714,7532.050389193247,70,10289
510,2016,20160906,37,2016_37,114.14285714285714,3747.5494618351763,37,10252
511,2016,20160907,37,2016_37,114.14285714285714,6286.1620004477145,62,10190
512,2016,20160908,37,2016_37,114.14285714285714,5786.475786475787,57,10133
513,2016,20160909,37,2016_37,114.14285714285714,5519.419805134091,57,10076
514,2016,20160910,37,2016_37,114.14285714285714,15476.316904888334,150,9926
515,2016,20160911,38,2016_38,114.14285714285714,12232.836518550806,120,9629
516,2016,20160912,38,2016_38,114.14285714285714,3708.1951367665656,37,9592
517,2016,20160913,38,2016_38,114.14285714285714,4177.585606157035,42,9550
518,2016,20160914,38,2016_38,114.14285714285714,5781.287209858639,59,9491
519,2016,20160915,38,2016_38,114.14285714285714,10530.783387926245,106,9385
520,2016,20160916,38,2016_38,114.14285714285714,11610.318753175896,122,9263
521,2016,20160917,38,2016_38,114.14285714285714,8006.60657803515,80,9183
522,2016,20160918,39,2016_39,114.14285714285714,6351.217779789209,64,9037
523,2016,20160919,39,2016_39,114.14285714285714,4929.890644176358,49,8988
524,2016,20160920,39,2016_39,114.14285714285714,6505.840791555077,65,8923
525,2016,20160921,39,2016_39,114.14285714285714,2961.7586760443905,24,8899
526,2016,20160922,39,2016_39,114.14285714285714,3780.8609237180667,42,8857
527,2016,20160923,39,2016_39,114.14285714285714,4934.593506022077,52,8805
528,2016,20160924,39,2016_39,114.14285714285714,21431.484288627144,216,8589
529,2016,20160925,40,2016_40,114.14285714285714,8297.049725621155,84,11449
530,2016,20160926,40,2016_40,114.14285714285714,6094.2889514318085,63,11386
531,2016,20160927,40,2016_40,114.14285714285714,13316.769031054744,131,11255
532,2016,20160928,40,2016_40,114.14285714285714,13316.769031054744,358,10897
533,2016,20160929,40,2016_40,114.14285714285714,6837.508266079695,67,10830
534,2016,20160930,40,2016_40,114.14285714285714,12150.877865163578,135,10695
535,2016,20161001,40,2016_40,114.14285714285714,19683.883969598253,200,10495
536,2016,20161002,41,2016_41,114.14285714285714,19593.04245018531,194,11524
537,2016,20161003,41,2016_41,114.14285714285714,18594.55145169431,187,11337
538,2016,20161004,41,2016_41,114.14285714285714,12792.074220645649,127,11210
539,2016,20161005,41,2016_41,114.14285714285714,13460.283460283461,134,11076
540,2016,20161006,41,2016_41,114.14285714285714,11353.365639079924,114,10962
541,2016,20161007,41,2016_41,114.14285714285714,12054.366340080625,119,10843
542,2016,20161008,41,2016_41,114.14285714285714,4133.061275918419,41,10802
543,2016,20161009,42,2016_42,114.14285714285714,4603.118888833174,46,10935
544,2016,20161010,42,2016_42,114.14285714285714,5297.255297255298,51,10884
545,2016,20161011,42,2016_42,114.14285714285714,4083.546940689798,40,10844
546,2016,20161012,42,2016_42,114.14285714285714,5023.729309443595,48,10796
547,2016,20161013,42,2016_42,114.14285714285714,5007.342150199293,48,10748
548,2016,20161014,42,2016_42,114.14285714285714,6529.65652965653,63,10685
549,2016,20161015,42,2016_42,114.14285714285714,11888.297602583316,116,10569
550,2016,20161016,43,2016_43,114.14285714285714,9751.839751839752,97,12895
551,2016,20161017,43,2016_43,114.14285714285714,4314.838600552886,43,12852
552,2016,20161018,43,2016_43,114.14285714285714,7478.883193168907,75,12777
553,2016,20161019,43,2016_43,114.14285714285714,5100.296528867958,51,12726
554,2016,20161020,43,2016_43,114.14285714285714,3926.4610693182126,39,12687
555,2016,20161021,43,2016_43,114.14285714285714,4982.840697126411,50,12637
556,2016,20161022,43,2016_43,114.14285714285714,8599.675742532885,85,12552
557,2016,20161023,44,2016_44,114.14285714285714,8316.676888105461,83,10452
558,2016,20161024,44,2016_44,114.14285714285714,3612.172183600755,37,10415
559,2016,20161025,44,2016_44,114.14285714285714,2879.0171647314505,27,10388
560,2016,20161026,44,2016_44,114.14285714285714,1904.8590477161906,18,10370
561,2016,20161027,44,2016_44,114.14285714285714,2876.4028764028767,26,10344
562,2016,20161028,44,2016_44,114.14285714285714,3831.632403060975,52,10292
563,2016,20161029,44,2016_44,114.14285714285714,9690.546833403976,107,10185
564,2016,20161030,45,2016_45,114.14285714285714,8818.387389815962,88,9987
565,2016,20161031,45,2016_45,114.14285714285714,2866.7457238885813,29,9958
566,2016,20161101,45,2016_45,114.14285714285714,4296.718582432868,42,9916
567,2016,20161102,45,2016_45,114.14285714285714,3419.6462767891344,32,9884
568,2016,20161103,45,2016_45,114.14285714285714,2709.659852516995,26,9858
569,2016,20161104,45,2016_45,114.14285714285714,4068.0897823754963,40,9818
570,2016,20161105,45,2016_45,114.14285714285714,12593.938308224022,171,9647
571,2016,20161106,46,2016_46,114.14285714285714,9286.73785816643,108,9243
572,2016,20161107,46,2016_46,114.14285714285714,5847.16441859299,79,9164
573,2016,20161108,46,2016_46,114.14285714285714,4111.936969079826,53,9111
574,2016,20161109,46,2016_46,114.14285714285714,8727.651584794441,108,9003
575,2016,20161110,46,2016_46,114.14285714285714,4461.218746933032,51,8952
576,2016,20161111,46,2016_46,114.14285714285714,14973.861831004688,179,8773
577,2016,20161112,46,2016_46,114.14285714285714,8044.107615536188,83,8690
578,2016,20161113,47,2016_47,114.14285714285714,8562.204276489992,89,7699
579,2016,20161114,47,2016_47,114.14285714285714,1932.4733610447897,21,7678
580,2016,20161115,47,2016_47,114.14285714285714,2189.4807609093323,22,7656
581,2016,20161116,47,2016_47,114.14285714285714,1343.2127717842004,15,7641
582,2016,20161117,47,2016_47,114.14285714285714,4651.306079877509,54,7587
583,2016,20161118,47,2016_47,114.14285714285714,3476.2106190677623,38,7549
584,2016,20161119,47,2016_47,114.14285714285714,10891.310891310894,109,7440
585,2016,20161120,48,2016_48,114.14285714285714,4816.961959819103,51,7771
586,2016,20161121,48,2016_48,114.14285714285714,1860.2204316490033,19,7752
587,2016,20161122,48,2016_48,114.14285714285714,3933.261076118219,42,7710
588,2016,20161123,48,2016_48,114.14285714285714,1925.4304968590682,20,7690
589,2016,20161124,48,2016_48,114.14285714285714,2664.3812358098075,28,7662
590,2016,20161125,48,2016_48,114.14285714285714,2750.5684648541787,28,7634
591,2016,20161126,48,2016_48,114.14285714285714,6628.260913975199,72,7562
592,2016,20161127,49,2016_49,114.14285714285714,7107.114249971393,76,7271
593,2016,20161128,49,2016_49,114.14285714285714,3422.74485131628,38,7233
594,2016,20161129,49,2016_49,114.14285714285714,3447.146304289162,37,7196
595,2016,20161130,49,2016_49,114.14285714285714,15106.557963700823,158,7038
596,2016,20161201,49,2016_49,114.14285714285714,2419.1438477152765,24,7014
597,2016,20161202,49,2016_49,114.14285714285714,2519.8010912296627,25,6989
598,2016,20161203,49,2016_49,114.14285714285714,6055.1860551860555,65,6924
599,2016,20161204,50,2016_50,114.14285714285714,3797.375225946654,41,6927
600,2016,20161205,50,2016_50,114.14285714285714,2402.359545216688,24,6903
601,2016,20161206,50,2016_50,114.14285714285714,2113.030684459256,23,6880
602,2016,20161207,50,2016_50,114.14285714285714,1654.0645112073685,18,6862
603,2016,20161208,50,2016_50,114.14285714285714,1756.4503278788993,18,6844
604,2016,20161209,50,2016_50,114.14285714285714,1756.4503278788993,778,6066
605,2016,20161210,50,2016_50,114.14285714285714,5472.915472915473,57,6009
606,2016,20161211,51,2016_51,114.14285714285714,5896.691610977326,66,6652
607,2016,20161212,51,2016_51,114.14285714285714,4027.7368848797423,45,6607
608,2016,20161213,51,2016_51,114.14285714285714,3296.4632964632965,36,6571
609,2016,20161214,51,2016_51,114.14285714285714,5652.044223472795,54,6517
610,2016,20161215,51,2016_51,114.14285714285714,2351.5709229994945,24,6493
611,2016,20161216,51,2016_51,114.14285714285714,6163.453306310449,61,6432
612,2016,20161217,51,2016_51,114.14285714285714,8323.068323068323,83,6349
613,2016,20161218,52,2016_52,114.14285714285714,9289.437860866432,91,8774
614,2016,20161219,52,2016_52,114.14285714285714,4060.5383462526324,40,8734
615,2016,20161220,52,2016_52,114.14285714285714,3859.046716189573,38,8696
616,2016,20161221,52,2016_52,114.14285714285714,4473.904473904474,45,8651
617,2016,20161222,52,2016_52,114.14285714285714,6356.963499820643,58,8593
618,2016,20161223,52,2016_52,114.14285714285714,9335.367906796479,94,8499
619,2016,20161224,52,2016_52,114.14285714285714,9335.367906796479,279,8220
620,2016,20161225,53,2016_53,114.14285714285714,17514.4246572818,172,14595
621,2016,20161226,53,2016_53,114.14285714285714,3945.8968030396604,39,14556
622,2016,20161227,53,2016_53,114.14285714285714,5271.7595574738425,52,14504
623,2016,20161228,53,2016_53,114.14285714285714,5428.062570919714,53,14451
624,2016,20161229,53,2016_53,114.14285714285714,4836.651979509123,47,14404
625,2016,20161230,53,2016_53,114.14285714285714,7096.385667814239,69,14335
626,2016,20161231,53,2016_53,114.14285714285714,22158.01644373073,225,14110
627,2017,20170101,1,2017_01,114.14285714285714,26336.74633674634,264,12284
628,2017,20170102,1,2017_01,114.14285714285714,18867.100295671728,184,12100
629,2017,20170103,1,2017_01,114.14285714285714,15405.24826239112,151,11949
630,2017,20170104,1,2017_01,114.14285714285714,7124.472838758554,69,11880
631,2017,20170105,1,2017_01,114.14285714285714,3850.696707839565,39,11841
632,2017,20170106,1,2017_01,114.14285714285714,6057.198914341771,59,11782
633,2017,20170107,1,2017_01,114.14285714285714,11277.638420495565,109,11673
634,2017,20170108,2,2017_02,114.14285714285714,12474.551045979617,125,17854
635,2017,20170109,2,2017_02,114.14285714285714,8815.784530070245,83,17771
636,2017,20170110,2,2017_02,114.14285714285714,7025.58988273274,66,17705
637,2017,20170111,2,2017_02,114.14285714285714,7265.224408081551,69,17636
638,2017,20170112,2,2017_02,114.14285714285714,7767.579196150625,78,17558
639,2017,20170113,2,2017_02,114.14285714285714,12265.226550940837,119,17439
640,2017,20170114,2,2017_02,114.14285714285714,20679.373536516396,204,17235
641,2017,20170115,3,2017_03,114.14285714285714,19942.3413709128,195,13381
642,2017,20170116,3,2017_03,114.14285714285714,9646.673932388218,97,13284
643,2017,20170117,3,2017_03,114.14285714285714,10967.502396073825,112,13172
644,2017,20170118,3,2017_03,114.14285714285714,16099.4060994061,159,13013
645,2017,20170119,3,2017_03,114.14285714285714,12057.609200466342,118,12895
646,2017,20170120,3,2017_03,114.14285714285714,15617.325617325618,157,12738
647,2017,20170121,3,2017_03,114.14285714285714,23694.456551599407,236,12502
648,2017,20170122,4,2017_04,114.14285714285714,21508.861508861508,210,12560
649,2017,20170123,4,2017_04,114.14285714285714,18437.764152049866,185,12375
650,2017,20170124,4,2017_04,114.14285714285714,17678.110535253392,177,12198
651,2017,20170125,4,2017_04,114.14285714285714,21062.55106255106,209,11989
652,2017,20170126,4,2017_04,114.14285714285714,21922.360493789067,215,11774
653,2017,20170127,4,2017_04,114.14285714285714,8720.471577614435,85,11689
654,2017,20170128,4,2017_04,114.14285714285714,6601.435172863745,63,11626
655,2017,20170129,5,2017_05,114.14285714285714,6996.592710878425,70,10293
656,2017,20170130,5,2017_05,114.14285714285714,8699.852985567271,92,10201
657,2017,20170131,5,2017_05,114.14285714285714,8846.234560520275,85,10116
658,2017,20170201,5,2017_05,114.14285714285714,6023.070308784595,57,10059
659,2017,20170202,5,2017_05,114.14285714285714,6467.187895759324,66,9993
660,2017,20170203,5,2017_05,114.14285714285714,7786.88635831493,76,9917
661,2017,20170204,5,2017_05,114.14285714285714,5471.084042512614,54,9863
662,2017,20170205,6,2017_06,114.14285714285714,5364.455364455364,55,7576
663,2017,20170206,6,2017_06,114.14285714285714,5116.526545097974,53,7523
664,2017,20170207,6,2017_06,114.14285714285714,2766.2741948456237,26,7497
665,2017,20170208,6,2017_06,114.14285714285714,5205.83377726235,52,7445
666,2017,20170209,6,2017_06,114.14285714285714,3915.8824873110593,42,7403
667,2017,20170210,6,2017_06,114.14285714285714,3505.44636258922,36,7367
668,2017,20170211,6,2017_06,114.14285714285714,7899.265042122186,79,7288
669,2017,20170212,7,2017_07,114.14285714285714,5224.726653298082,53,12252
670,2017,20170213,7,2017_07,114.14285714285714,4316.890031175745,44,12208
671,2017,20170214,7,2017_07,114.14285714285714,7434.443148728863,75,12133
672,2017,20170215,7,2017_07,114.14285714285714,3957.511100368243,41,12092
673,2017,20170216,7,2017_07,114.14285714285714,4044.375472946901,43,12049
674,2017,20170217,7,2017_07,114.14285714285714,3714.2751428465717,40,12009
675,2017,20170218,7,2017_07,114.14285714285714,8514.867086295657,92,11917
676,2017,20170219,8,2017_08,114.14285714285714,4390.784390784391,47,14572
677,2017,20170220,8,2017_08,114.14285714285714,2568.5597114168545,27,14545
678,2017,20170221,8,2017_08,114.14285714285714,2444.545301688159,26,14519
679,2017,20170222,8,2017_08,114.14285714285714,2595.934024505453,30,14489
680,2017,20170223,8,2017_08,114.14285714285714,6649.628078199507,73,14416
681,2017,20170224,8,2017_08,114.14285714285714,2701.426987141273,31,14385
682,2017,20170225,8,2017_08,114.14285714285714,3420.6205634777066,36,14349
683,2017,20170226,9,2017_09,114.14285714285714,3420.6205634777066,610,9710
684,2017,20170227,9,2017_09,114.14285714285714,1592.9187357758788,18,9692
685,2017,20170228,9,2017_09,114.14285714285714,2405.5866913009772,25,9667
686,2017,20170301,9,2017_09,114.14285714285714,1758.0017580017582,17,9650
687,2017,20170302,9,2017_09,114.14285714285714,2100.850672279244,22,9628
688,2017,20170303,9,2017_09,114.14285714285714,1985.120556549128,21,9607
689,2017,20170304,9,2017_09,114.14285714285714,3212.9089271946414,35,9572
690,2017,20170305,10,2017_10,114.14285714285714,4440.00444000444,47,8775
691,2017,20170306,10,2017_10,114.14285714285714,1859.2561449704308,20,8755
692,2017,20170307,10,2017_10,114.14285714285714,1109.4196808482525,12,8743
693,2017,20170308,10,2017_10,114.14285714285714,2283.487997773712,25,8718
694,2017,20170309,10,2017_10,114.14285714285714,1078.001078001078,13,8705
695,2017,20170310,10,2017_10,114.14285714285714,1853.1875674732817,20,8685
696,2017,20170311,10,2017_10,114.14285714285714,3765.9751945466232,48,8637
697,2017,20170312,11,2017_11,114.14285714285714,6913.735485164057,91,8027
698,2017,20170313,11,2017_11,114.14285714285714,1552.4029809744095,21,8006
699,2017,20170314,11,2017_11,114.14285714285714,1240.9326695040982,12,7994
700,2017,20170315,11,2017_11,114.14285714285714,1391.22710551282,17,7977
701,2017,20170316,11,2017_11,114.14285714285714,1137.1697085982803,14,7963
702,2017,20170317,11,2017_11,114.14285714285714,7767.722053436339,113,7850
703,2017,20170318,11,2017_11,114.14285714285714,2264.8665505808362,28,7822
704,2017,20170319,12,2017_12,114.14285714285714,7168.72145443574,97,8893
705,2017,20170320,12,2017_12,114.14285714285714,519.5719481433767,7,8886
706,2017,20170321,12,2017_12,114.14285714285714,1241.4726700440985,14,8872
707,2017,20170322,12,2017_12,114.14285714285714,1241.4726700440985,590,8282
708,2017,20170323,12,2017_12,114.14285714285714,1135.6297070582784,13,8269
709,2017,20170324,12,2017_12,114.14285714285714,4515.37737252023,65,8204
710,2017,20170325,12,2017_12,114.14285714285714,13003.641575070147,187,8017
711,2017,20170326,13,2017_13,114.14285714285714,8790.837362265935,128,7730
712,2017,20170327,13,2017_13,114.14285714285714,756.1150418293277,10,7720
713,2017,20170328,13,2017_13,114.14285714285714,990.515276229562,14,7706
714,2017,20170329,13,2017_13,114.14285714285714,4561.604561604562,69,7637
715,2017,20170330,13,2017_13,114.14285714285714,1510.0043671472245,20,7617
716,2017,20170331,13,2017_13,114.14285714285714,4209.089923375637,62,7555
717,2017,20170401,13,2017_13,114.14285714285714,5119.252262109406,81,7474
718,2017,20170402,14,2017_14,114.14285714285714,5090.676519247947,70,7253
719,2017,20170403,14,2017_14,114.14285714285714,3620.4321918607634,53,7200
720,2017,20170404,14,2017_14,114.14285714285714,2414.230985659557,36,7164
721,2017,20170405,14,2017_14,114.14285714285714,4284.468570182856,48,7116
722,2017,20170406,14,2017_14,114.14285714285714,2253.5736821451105,28,7088
723,2017,20170407,14,2017_14,114.14285714285714,1061.1439182867755,12,7076
724,2017,20170408,14,2017_14,114.14285714285714,2819.2028192028197,32,7044
725,2017,20170409,15,2017_15,114.14285714285714,1829.3732579446867,21,6798
726,2017,20170410,15,2017_15,114.14285714285714,1414.397128682843,15,6783
727,2017,20170411,15,2017_15,114.14285714285714,1378.0513780513782,14,6769
728,2017,20170412,15,2017_15,114.14285714285714,493.6147793290651,6,6763
729,2017,20170413,15,2017_15,114.14285714285714,1365.4299368585082,15,6748
730,2017,20170414,15,2017_15,114.14285714285714,1612.744469887327,19,6729
731,2017,20170415,15,2017_15,114.14285714285714,2148.1164338307194,27,6702
732,2017,20170416,16,2017_16,114.14285714285714,2192.0093348664777,27,6486
733,2017,20170417,16,2017_16,114.14285714285714,1328.2927568641855,15,6471
734,2017,20170418,16,2017_16,114.14285714285714,745.3036024464595,8,6463
735,2017,20170419,16,2017_16,114.14285714285714,1110.6125391839678,12,6451
736,2017,20170420,16,2017_16,114.14285714285714,995.0695664981379,12,6439
737,2017,20170421,16,2017_16,114.14285714285714,1060.446774732489,13,6426
738,2017,20170422,16,2017_16,114.14285714285714,913.2823418537705,12,6414
739,2017,20170423,17,2017_17,114.14285714285714,2689.7298325869756,29,6595
740,2017,20170424,17,2017_17,114.14285714285714,1283.6012836012837,14,6581
741,2017,20170425,17,2017_17,114.14285714285714,1278.0727066441355,15,6566
742,2017,20170426,17,2017_17,114.14285714285714,1743.4231719946006,18,6548
743,2017,20170427,17,2017_17,114.14285714285714,1163.822592394021,13,6535
744,2017,20170428,17,2017_17,114.14285714285714,2489.3667750810605,25,6510
745,2017,20170429,17,2017_17,114.14285714285714,753.1436102864674,9,6501
746,2017,20170430,18,2017_18,114.14285714285714,1438.6371529228672,20,6481
747,2017,20170501,18,2017_18,114.14285714285714,2127.7492706064136,28,6453
748,2017,20170502,18,2017_18,114.14285714285714,985.2352709495567,11,6442
749,2017,20170503,18,2017_18,114.14285714285714,475.9676188247617,5,6437
750,2017,20170504,18,2017_18,114.14285714285714,843.9265582122724,9,6428
751,2017,20170505,18,2017_18,114.14285714285714,292.594578308864,4,6424
752,2017,20170506,18,2017_18,114.14285714285714,1471.6871859729001,20,6404
753,2017,20170507,19,2017_19,114.14285714285714,1129.0011290011291,17,5130
754,2017,20170508,19,2017_19,114.14285714285714,866.5937237365808,12,5118
755,2017,20170509,19,2017_19,114.14285714285714,641.5720701434988,9,5109
756,2017,20170510,19,2017_19,114.14285714285714,593.3291647577362,8,5101
757,2017,20170511,19,2017_19,114.14285714285714,490.7362050219194,5,5096
758,2017,20170512,19,2017_19,114.14285714285714,827.5151132293989,11,5085
759,2017,20170513,19,2017_19,114.14285714285714,1138.1439952868525,15,5070
760,2017,20170514,20,2017_20,114.14285714285714,1126.5439836868409,14,5776
761,2017,20170515,20,2017_20,114.14285714285714,629.6177724749152,8,5768
762,2017,20170516,20,2017_20,114.14285714285714,329.37175794318654,5,5763
763,2017,20170517,20,2017_20,114.14285714285714,648.1320767035054,8,5755
764,2017,20170518,20,2017_20,114.14285714285714,583.1862974720118,8,5747
765,2017,20170519,20,2017_20,114.14285714285714,725.1435822864394,11,5736
766,2017,20170520,20,2017_20,114.14285714285714,1013.5438706867279,15,5721
767,2017,20170521,21,2017_21,114.14285714285714,371.000371000371,6,5542
768,2017,20170522,21,2017_21,114.14285714285714,287.8860021717165,4,5538
769,2017,20170523,21,2017_21,114.14285714285714,296.28601057172483,5,5533
770,2017,20170524,21,2017_21,114.14285714285714,345.57177414320273,5,5528
771,2017,20170525,21,2017_21,114.14285714285714,338.000338000338,6,5522
772,2017,20170526,21,2017_21,114.14285714285714,193.88590817162248,3,5519
773,2017,20170527,21,2017_21,114.14285714285714,3581.1435811435813,63,5456
774,2017,20170528,22,2017_22,114.14285714285714,3280.3675660818517,51,5352
775,2017,20170529,22,2017_22,114.14285714285714,882.7380255951686,13,5339
776,2017,20170530,22,2017_22,114.14285714285714,1318.001318001318,25,5314
777,2017,20170531,22,2017_22,114.14285714285714,797.6293690579405,11,5303
778,2017,20170601,22,2017_22,114.14285714285714,476.40047640047646,6,5297
779,2017,20170602,22,2017_22,114.14285714285714,551.7291231576945,8,5289
780,2017,20170603,22,2017_22,114.14285714285714,771.9150576293433,11,5278
781,2017,20170604,23,2017_23,114.14285714285714,809.8722384436671,12,5579
782,2017,20170605,23,2017_23,114.14285714285714,541.6205416205416,8,5571
783,2017,20170606,23,2017_23,114.14285714285714,1774.644631787489,19,5552
784,2017,20170607,23,2017_23,114.14285714285714,491.8576347147776,7,5545
785,2017,20170608,23,2017_23,114.14285714285714,524.9433820862392,6,5539
786,2017,20170609,23,2017_23,114.14285714285714,7576.021861736148,80,5459
787,2017,20170610,23,2017_23,114.14285714285714,1193.1440502869075,15,5444
788,2017,20170611,24,2017_24,114.14285714285714,707.1007071007072,11,5059
789,2017,20170612,24,2017_24,114.14285714285714,144.000144000144,4,5055
790,2017,20170613,24,2017_24,114.14285714285714,87.71437342865914,1,5054
791,2017,20170614,24,2017_24,114.14285714285714,661.9292333578048,8,5046
792,2017,20170615,24,2017_24,114.14285714285714,51.28576557147986,1,5045
793,2017,20170616,24,2017_24,114.14285714285714,936.8580797152226,13,5032
794,2017,20170617,24,2017_24,114.14285714285714,1507.5729361443648,25,5007
795,2017,20170618,25,2017_25,114.14285714285714,212.41449812878386,3,4910
796,2017,20170619,25,2017_25,114.14285714285714,159.85730271444558,1,4909
797,2017,20170620,25,2017_25,114.14285714285714,318.0574609146038,4,4905
798,2017,20170621,25,2017_25,114.14285714285714,64.14292128577843,1,4904
799,2017,20170622,25,2017_25,114.14285714285714,359.42893085750234,4,4900
800,2017,20170623,25,2017_25,114.14285714285714,222.3573652145081,4,4896
801,2017,20170624,25,2017_25,114.14285714285714,524.7148104290961,8,4888
802,2017,20170625,26,2017_26,114.14285714285714,1019.1438762867334,14,4361
803,2017,20170626,26,2017_26,114.14285714285714,672.9221014935301,11,4350
804,2017,20170627,26,2017_26,114.14285714285714,406.2861205718349,5,4345
805,2017,20170628,26,2017_26,114.14285714285714,914.7152004294861,17,4328
806,2017,20170629,26,2017_26,114.14285714285714,374.85751771466056,6,4322
807,2017,20170630,26,2017_26,114.14285714285714,87.42865885723029,2,4320
808,2017,20170701,26,2017_26,114.14285714285714,911.2009112009112,12,4308
809,2017,20170702,27,2017_27,114.14285714285714,595.1863094720238,9,4103
810,2017,20170703,27,2017_27,114.14285714285714,485.14334228619947,8,4095
811,2017,20170704,27,2017_27,114.14285714285714,246.57167514310373,4,4091
812,2017,20170705,27,2017_27,114.14285714285714,396.4289678575393,5,4086
813,2017,20170706,27,2017_27,114.14285714285714,454.35759721474005,7,4079
814,2017,20170707,27,2017_27,114.14285714285714,477.42904885762033,6,4073
815,2017,20170708,27,2017_27,114.14285714285714,817.000817000817,13,4060
816,2017,20170709,28,2017_28,114.14285714285714,372.14322928608647,6,3929
817,2017,20170710,28,2017_28,114.14285714285714,349.4289208574923,5,3924
818,2017,20170711,28,2017_28,114.14285714285714,298.5717271431557,4,3920
819,2017,20170712,28,2017_28,114.14285714285714,478.00047800047804,9,3911
820,2017,20170713,28,2017_28,114.14285714285714,228.14308528594242,3,3908
821,2017,20170714,28,2017_28,114.14285714285714,777.7150634293491,14,3894
822,2017,20170715,28,2017_28,114.14285714285714,415.6389870675585,6,3888
823,2017,20170716,29,2017_29,114.14285714285714,926.6480695052123,13,4894
824,2017,20170717,29,2017_29,114.14285714285714,320.8574637146066,4,4890
825,2017,20170718,29,2017_29,114.14285714285714,351.00035100035103,6,4884
826,2017,20170719,29,2017_29,114.14285714285714,153.85729671443957,3,4881
827,2017,20170720,29,2017_29,114.14285714285714,436.000436000436,6,4875
828,2017,20170721,29,2017_29,114.14285714285714,784.286498572213,20,4855
829,2017,20170722,29,2017_29,114.14285714285714,843.2865575722719,15,4840
830,2017,20170723,30,2017_30,114.14285714285714,534.8576777148206,9,4038
831,2017,20170724,30,2017_30,114.14285714285714,298.000298000298,5,4033
833,2017,20170726,30,2017_30,114.14285714285714,323.7146094288952,5,4028
834,2017,20170727,30,2017_30,114.14285714285714,139.71442542871117,2,4026
835,2017,20170728,30,2017_30,114.14285714285714,181.14303828589544,3,4023
836,2017,20170729,30,2017_30,114.14285714285714,615.8577587149016,11,4012
837,2017,20170730,31,2017_31,114.14285714285714,520.0448057590914,8,4802
838,2017,20170731,31,2017_31,114.14285714285714,524.8576677148106,6,4796
839,2017,20170801,31,2017_31,114.14285714285714,443.5718721433007,7,4789
840,2017,20170802,31,2017_31,114.14285714285714,265.2859795716939,4,4785
841,2017,20170803,31,2017_31,114.14285714285714,235.0288064573779,3,4782
842,2017,20170804,31,2017_31,114.14285714285714,21.285735571449855,1,4781
843,2017,20170805,31,2017_31,114.14285714285714,410.34041034041036,9,4772
844,2017,20170806,32,2017_32,114.14285714285714,271.85741471455754,6,3880
845,2017,20170807,32,2017_32,114.14285714285714,334.7146204289062,8,3872
846,2017,20170808,32,2017_32,114.14285714285714,237.85738071452357,6,3866
847,2017,20170809,32,2017_32,114.14285714285714,312.42888385745533,5,3861
848,2017,20170810,32,2017_32,114.14285714285714,229.71451542880115,4,3857
849,2017,20170811,32,2017_32,114.14285714285714,97.21438292866864,3,3854
850,2017,20170812,32,2017_32,114.14285714285714,217.90593219164649,3,3851
851,2017,20170813,33,2017_33,114.14285714285714,243.7616723331009,4,3282
852,2017,20170815,33,2017_33,114.14285714285714,281.000281000281,4,3278
853,2017,20170816,33,2017_33,114.14285714285714,233.92880535737677,3,3275
854,2017,20170817,33,2017_33,114.14285714285714,206.78592107163536,3,3272
855,2017,20170818,33,2017_33,114.14285714285714,2302.788017073731,44,3228
856,2017,20170819,33,2017_33,114.14285714285714,875.3580182151611,16,3212
857,2017,20170820,34,2017_34,114.14285714285714,819.2865335722479,17,2752
858,2017,20170821,34,2017_34,114.14285714285714,27.000027000027,1,2751
859,2017,20170822,34,2017_34,114.14285714285714,176.80017680017679,4,2747
860,2017,20170823,34,2017_34,114.14285714285714,349.14320628606345,6,2741
861,2017,20170824,34,2017_34,114.14285714285714,285.28599957171383,5,2736
862,2017,20170825,34,2017_34,114.14285714285714,267.60598189169616,4,2732
863,2017,20170826,34,2017_34,114.14285714285714,182.71446842875415,4,2728
864,2017,20170827,35,2017_35,114.14285714285714,389.2861035718179,8,2903
